city,item_id,amt,qty,asp
Ahmedabad,10008248,1433964,20975,68.36538737
Kolkata,10001077,1344842,8976,149.826426
Lucknow,10047231,4626,34,136.0588235
Delhi,10004067,73485,1633,45
UP-NCR,10000467,51460,637,80.78492936
Delhi,10040917,48946,544,89.97426471
Bengaluru,10002995,116148,1801,64.49083842
UP-NCR,10000319,9976,544,18.33823529
Ahmedabad,10004512,54105,687,78.75545852
